s_m;x_m;y_m;psi_rad;kappa_m;v_mps
0.000000;0.451818;0.231818;0.603749;0.000000;2.000000
0.097384;0.530909;0.286364;0.622962;0.000000;2.000000
0.197488;0.610000;0.345455;0.659848;0.000000;2.000000
0.302198;0.689091;0.409091;0.680843;0.000000;2.000000
0.411555;0.772727;0.477273;0.700060;0.000000;2.000000
0.488464;0.856364;0.550000;0.923749;0.000000;2.000000
0.539284;0.865455;0.600000;1.390943;0.000000;2.000000
0.590559;0.874545;0.650000;1.347320;0.000000;2.000000
0.642385;0.888182;0.700000;1.304544;0.000000;2.000000
0.694211;0.901818;0.750000;1.304544;0.000000;2.000000
0.745486;0.915455;0.800000;1.347320;0.000000;2.000000
0.796761;0.924545;0.850000;1.347320;0.000000;2.000000
0.849231;0.938182;0.900000;1.262744;0.000000;2.000000
0.903253;0.956364;0.950000;1.182478;0.000000;2.000000
0.958176;0.979091;1.000000;1.144169;0.000000;2.000000
1.013099;1.001818;1.050000;1.144169;0.000000;2.000000
1.069001;1.024545;1.100000;1.107149;0.000000;2.000000
1.127078;1.051818;1.150000;1.037088;0.000000;2.000000
1.186343;1.083636;1.200000;1.004067;0.000000;2.000000
1.245609;1.115455;1.250000;1.004067;0.000000;2.000000
1.306125;1.147273;1.300000;0.972377;0.000000;2.000000
1.369313;1.183636;1.350000;0.912908;0.000000;2.000000
1.432502;1.224545;1.400000;0.912908;0.000000;2.000000
1.494327;1.260909;1.450000;0.942000;0.000000;2.000000
1.556151;1.297273;1.500000;0.942000;0.000000;2.000000
1.617976;1.333636;1.550000;0.942000;0.000000;2.000000
1.679801;1.370000;1.600000;0.942000;0.000000;2.000000
1.741626;1.406364;1.650000;0.942000;0.000000;2.000000
1.803451;1.442727;1.700000;0.942000;0.000000;2.000000
1.865276;1.479091;1.750000;0.942000;0.000000;2.000000
1.928464;1.515455;1.800000;0.912908;0.000000;2.000000
1.993067;1.556364;1.850000;0.885067;0.000000;2.000000
2.056255;1.597273;1.900000;0.912908;0.000000;2.000000
2.119444;1.633636;1.950000;0.912908;0.000000;2.000000
2.184047;1.674545;2.000000;0.885067;0.000000;2.000000
2.248650;1.715455;2.050000;0.885067;0.000000;2.000000
2.313253;1.756364;2.100000;0.885067;0.000000;2.000000
2.377856;1.797273;2.150000;0.885067;0.000000;2.000000
2.442459;1.838182;2.200000;0.885067;0.000000;2.000000
2.507062;1.879091;2.250000;0.885067;0.000000;2.000000
2.571665;1.920000;2.300000;0.885067;0.000000;2.000000
2.634854;1.960909;2.350000;0.912908;0.000000;2.000000
2.696678;1.997273;2.400000;0.942000;0.000000;2.000000
2.759867;2.033636;2.450000;0.912908;0.000000;2.000000
2.824470;2.074545;2.500000;0.885067;0.000000;2.000000
2.887658;2.115455;2.550000;0.912908;0.000000;2.000000
2.949483;2.151818;2.600000;0.942000;0.000000;2.000000
3.011308;2.188182;2.650000;0.942000;0.000000;2.000000
3.074496;2.224545;2.700000;0.912908;0.000000;2.000000
3.137685;2.265455;2.750000;0.912908;0.000000;2.000000
3.199509;2.301818;2.800000;0.942000;0.000000;2.000000
3.261334;2.338182;2.850000;0.942000;0.000000;2.000000
3.324523;2.374545;2.900000;0.912908;0.000000;2.000000
3.389126;2.415455;2.950000;0.885067;0.000000;2.000000
3.453729;2.456364;3.000000;0.885067;0.000000;2.000000
3.516917;2.497273;3.050000;0.912908;0.000000;2.000000
3.580105;2.533636;3.100000;0.912908;0.000000;2.000000
3.644709;2.574545;3.150000;0.885067;0.000000;2.000000
3.707897;2.615455;3.200000;0.912908;0.000000;2.000000
3.769722;2.651818;3.250000;0.942000;0.000000;2.000000
3.832910;2.688182;3.300000;0.912908;0.000000;2.000000
3.897513;2.729091;3.350000;0.885067;0.000000;2.000000
3.960702;2.770000;3.400000;0.912908;0.000000;2.000000
4.022526;2.806364;3.450000;0.942000;0.000000;2.000000
4.084351;2.842727;3.500000;0.942000;0.000000;2.000000
4.146176;2.879091;3.550000;0.942000;0.000000;2.000000
4.209364;2.915455;3.600000;0.912908;0.000000;2.000000
4.272553;2.956364;3.650000;0.912908;0.000000;2.000000
4.334378;2.992727;3.700000;0.942000;0.000000;2.000000
4.397566;3.029091;3.750000;0.912908;0.000000;2.000000
4.462169;3.070000;3.800000;0.885067;0.000000;2.000000
4.526772;3.110909;3.850000;0.885067;0.000000;2.000000
4.589961;3.151818;3.900000;0.912908;0.000000;2.000000
4.653149;3.188182;3.950000;0.912908;0.000000;2.000000
4.716337;3.229091;4.000000;0.912908;0.000000;2.000000
4.778162;3.265455;4.050000;0.942000;0.000000;2.000000
4.839987;3.301818;4.100000;0.942000;0.000000;2.000000
4.901812;3.338182;4.150000;0.942000;0.000000;2.000000
4.963637;3.374545;4.200000;0.942000;0.000000;2.000000
5.025462;3.410909;4.250000;0.942000;0.000000;2.000000
5.087286;3.447273;4.300000;0.942000;0.000000;2.000000
5.149111;3.483636;4.350000;0.942000;0.000000;2.000000
5.209627;3.520000;4.400000;0.972377;0.000000;2.000000
5.270143;3.551818;4.450000;0.972377;0.000000;2.000000
5.331968;3.588182;4.500000;0.942000;0.000000;2.000000
5.395157;3.624545;4.550000;0.912908;0.000000;2.000000
5.458017;3.665455;4.600000;0.862170;0.000000;2.000000
5.519170;3.706364;4.645455;0.837981;0.000000;2.000000
5.580323;3.747273;4.690909;0.837981;0.000000;2.000000
5.641476;3.788182;4.736364;0.837981;0.000000;2.000000
5.702628;3.829091;4.781818;0.837981;0.000000;2.000000
5.763781;3.870000;4.827273;0.837981;0.000000;2.000000
5.824934;3.910909;4.872727;0.837981;0.000000;2.000000
5.886087;3.951818;4.918182;0.837981;0.000000;2.000000
5.947240;3.992727;4.963636;0.837981;0.000000;2.000000
6.008393;4.033636;5.009091;0.837981;0.000000;2.000000
6.069545;4.074545;5.054545;0.837981;0.000000;2.000000
6.132406;4.115455;5.100000;0.862170;0.000000;2.000000
6.195594;4.156364;5.150000;0.912908;0.000000;2.000000
6.257419;4.192727;5.200000;0.942000;0.000000;2.000000
6.320608;4.229091;5.250000;0.912908;0.000000;2.000000
6.385211;4.270000;5.300000;0.885067;0.000000;2.000000
6.449814;4.310909;5.350000;0.885067;0.000000;2.000000
6.513002;4.351818;5.400000;0.912908;0.000000;2.000000
6.576190;4.388182;5.450000;0.912908;0.000000;2.000000
6.640793;4.429091;5.500000;0.885067;0.000000;2.000000
6.705396;4.470000;5.550000;0.885067;0.000000;2.000000
6.768585;4.510909;5.600000;0.912908;0.000000;2.000000
6.830410;4.547273;5.650000;0.942000;0.000000;2.000000
6.893598;4.583636;5.700000;0.912908;0.000000;2.000000
6.958201;4.624545;5.750000;0.885067;0.000000;2.000000
7.021389;4.665455;5.800000;0.912908;0.000000;2.000000
7.083214;4.701818;5.850000;0.942000;0.000000;2.000000
7.145039;4.738182;5.900000;0.942000;0.000000;2.000000
7.208228;4.774545;5.950000;0.912908;0.000000;2.000000
7.272831;4.815455;6.000000;0.885067;0.000000;2.000000
7.336019;4.856364;6.050000;0.912908;0.000000;2.000000
7.397844;4.892727;6.100000;0.942000;0.000000;2.000000
7.461032;4.929091;6.150000;0.912908;0.000000;2.000000
7.525635;4.970000;6.200000;0.885067;0.000000;2.000000
7.588824;5.010909;6.250000;0.912908;0.000000;2.000000
7.650648;5.047273;6.300000;0.942000;0.000000;2.000000
7.713837;5.083636;6.350000;0.912908;0.000000;2.000000
7.778440;5.124545;6.400000;0.885067;0.000000;2.000000
7.843043;5.165455;6.450000;0.885067;0.000000;2.000000
7.906231;5.206364;6.500000;0.912908;0.000000;2.000000
7.968056;5.242727;6.550000;0.942000;0.000000;2.000000
8.031245;5.279091;6.600000;0.912908;0.000000;2.000000
8.095848;5.320000;6.650000;0.885067;0.000000;2.000000
8.160451;5.360909;6.700000;0.885067;0.000000;2.000000
8.223639;5.401818;6.750000;0.912908;0.000000;2.000000
8.286827;5.438182;6.800000;0.912908;0.000000;2.000000
8.351430;5.479091;6.850000;0.885067;0.000000;2.000000
8.416033;5.520000;6.900000;0.885067;0.000000;2.000000
8.479222;5.560909;6.950000;0.912908;0.000000;2.000000
8.541047;5.597273;7.000000;0.942000;0.000000;2.000000
8.604235;5.633636;7.050000;0.912908;0.000000;2.000000
8.668838;5.674545;7.100000;0.885067;0.000000;2.000000
8.732026;5.715455;7.150000;0.912908;0.000000;2.000000
8.793851;5.751818;7.200000;0.942000;0.000000;2.000000
8.855676;5.788182;7.250000;0.942000;0.000000;2.000000
8.918864;5.824545;7.300000;0.912908;0.000000;2.000000
8.983468;5.865455;7.350000;0.885067;0.000000;2.000000
9.048071;5.906364;7.400000;0.885067;0.000000;2.000000
9.111259;5.947273;7.450000;0.912908;0.000000;2.000000
9.174447;5.983636;7.500000;0.912908;0.000000;2.000000
9.239050;6.024545;7.550000;0.885067;0.000000;2.000000
9.303653;6.065455;7.600000;0.885067;0.000000;2.000000
9.366842;6.106364;7.650000;0.912908;0.000000;2.000000
9.430030;6.142727;7.700000;0.912908;0.000000;2.000000
9.494633;6.183636;7.750000;0.885067;0.000000;2.000000
9.559236;6.224545;7.800000;0.885067;0.000000;2.000000
9.622425;6.265455;7.850000;0.912908;0.000000;2.000000
9.684249;6.301818;7.900000;0.942000;0.000000;2.000000
9.746074;6.338182;7.950000;0.942000;0.000000;2.000000
9.809263;6.374545;8.000000;0.912908;0.000000;2.000000
9.872451;6.415455;8.050000;0.912908;0.000000;2.000000
9.934276;6.451818;8.100000;0.942000;0.000000;2.000000
9.996101;6.488182;8.150000;0.942000;0.000000;2.000000
10.059289;6.524545;8.200000;0.912908;0.000000;2.000000
10.123892;6.565455;8.250000;0.885067;0.000000;2.000000
10.187081;6.606364;8.300000;0.912908;0.000000;2.000000
10.248905;6.642727;8.350000;0.942000;0.000000;2.000000
10.312094;6.679091;8.400000;0.912908;0.000000;2.000000
10.376697;6.720000;8.450000;0.885067;0.000000;2.000000
10.441300;6.760909;8.500000;0.885067;0.000000;2.000000
10.505903;6.801818;8.550000;0.885067;0.000000;2.000000
10.570506;6.842727;8.600000;0.885067;0.000000;2.000000
10.635109;6.883636;8.650000;0.885067;0.000000;2.000000
10.699712;6.924545;8.700000;0.885067;0.000000;2.000000
10.762900;6.965455;8.750000;0.912908;0.000000;2.000000
10.824725;7.001818;8.800000;0.942000;0.000000;2.000000
10.887914;7.038182;8.850000;0.912908;0.000000;2.000000
10.951102;7.079091;8.900000;0.912908;0.000000;2.000000
11.012927;7.115455;8.950000;0.942000;0.000000;2.000000
11.074752;7.151818;9.000000;0.942000;0.000000;2.000000
11.136577;7.188182;9.050000;0.942000;0.000000;2.000000
11.198401;7.224545;9.100000;0.942000;0.000000;2.000000
11.261590;7.260909;9.150000;0.912908;0.000000;2.000000
11.324778;7.301818;9.200000;0.912908;0.000000;2.000000
11.386603;7.338182;9.250000;0.942000;0.000000;2.000000
11.449791;7.374545;9.300000;0.912908;0.000000;2.000000
11.514394;7.415455;9.350000;0.885067;0.000000;2.000000
11.578997;7.456364;9.400000;0.885067;0.000000;2.000000
11.645063;7.497273;9.450000;0.858439;0.000000;2.000000
11.712636;7.542727;9.500000;0.832981;0.000000;2.000000
11.778702;7.588182;9.550000;0.858439;0.000000;2.000000
11.843305;7.629091;9.600000;0.885067;0.000000;2.000000
11.907908;7.670000;9.650000;0.885067;0.000000;2.000000
11.972511;7.710909;9.700000;0.885067;0.000000;2.000000
12.038577;7.751818;9.750000;0.858439;0.000000;2.000000
12.104642;7.797273;9.800000;0.858439;0.000000;2.000000
12.169245;7.838182;9.850000;0.885067;0.000000;2.000000
12.233848;7.879091;9.900000;0.885067;0.000000;2.000000
12.298451;7.920000;9.950000;0.885067;0.000000;2.000000
12.363054;7.960909;10.000000;0.885067;0.000000;2.000000
12.426243;8.001818;10.050000;0.912908;0.000000;2.000000
12.489431;8.038182;10.100000;0.912908;0.000000;2.000000
12.554034;8.079091;10.150000;0.885067;0.000000;2.000000
12.618637;8.120000;10.200000;0.885067;0.000000;2.000000
12.681826;8.160909;10.250000;0.912908;0.000000;2.000000
12.742342;8.197273;10.300000;0.972377;0.000000;2.000000
12.802858;8.229091;10.350000;0.972377;0.000000;2.000000
12.864683;8.265455;10.400000;0.942000;0.000000;2.000000
12.926507;8.301818;10.450000;0.942000;0.000000;2.000000
12.987023;8.338182;10.500000;0.972377;0.000000;2.000000
13.046289;8.370000;10.550000;1.004067;0.000000;2.000000
13.106805;8.401818;10.600000;0.972377;0.000000;2.000000
13.167321;8.438182;10.650000;0.972377;0.000000;2.000000
13.226586;8.470000;10.700000;1.004067;0.000000;2.000000
13.285852;8.501818;10.750000;1.004067;0.000000;2.000000
13.346368;8.533636;10.800000;0.972377;0.000000;2.000000
13.408193;8.570000;10.850000;0.942000;0.000000;2.000000
13.470018;8.606364;10.900000;0.942000;0.000000;2.000000
13.531843;8.642727;10.950000;0.942000;0.000000;2.000000
13.592359;8.679091;11.000000;0.972377;0.000000;2.000000
13.652875;8.710909;11.050000;0.972377;0.000000;2.000000
13.714699;8.747273;11.100000;0.942000;0.000000;2.000000
13.775215;8.783636;11.150000;0.972377;0.000000;2.000000
13.835732;8.815455;11.200000;0.972377;0.000000;2.000000
13.897556;8.851818;11.250000;0.942000;0.000000;2.000000
13.958072;8.888182;11.300000;0.972377;0.000000;2.000000
14.017338;8.920000;11.350000;1.004067;0.000000;2.000000
14.077854;8.951818;11.400000;0.972377;0.000000;2.000000
14.139679;8.988182;11.450000;0.942000;0.000000;2.000000
14.201504;9.024545;11.500000;0.942000;0.000000;2.000000
14.264692;9.060909;11.550000;0.912908;0.000000;2.000000
14.329295;9.101818;11.600000;0.885067;0.000000;2.000000
14.393898;9.142727;11.650000;0.885067;0.000000;2.000000
14.459964;9.183636;11.700000;0.858439;0.000000;2.000000
14.526029;9.229091;11.750000;0.858439;0.000000;2.000000
14.590632;9.270000;11.800000;0.885067;0.000000;2.000000
14.656698;9.310909;11.850000;0.858439;0.000000;2.000000
14.724271;9.356364;11.900000;0.832981;0.000000;2.000000
14.790337;9.401818;11.950000;0.858439;0.000000;2.000000
14.854940;9.442727;12.000000;0.885067;0.000000;2.000000
14.919543;9.483636;12.050000;0.885067;0.000000;2.000000
14.982731;9.524545;12.100000;0.912908;0.000000;2.000000
15.044556;9.560909;12.150000;0.942000;0.000000;2.000000
15.106381;9.597273;12.200000;0.942000;0.000000;2.000000
15.166897;9.633636;12.250000;0.972377;0.000000;2.000000
15.227413;9.665455;12.300000;0.972377;0.000000;2.000000
15.289238;9.701818;12.350000;0.942000;0.000000;2.000000
15.349754;9.738182;12.400000;0.972377;0.000000;2.000000
15.409019;9.770000;12.450000;1.004067;0.000000;2.000000
15.469535;9.801818;12.500000;0.972377;0.000000;2.000000
15.531360;9.838182;12.550000;0.942000;0.000000;2.000000
15.593185;9.874545;12.600000;0.942000;0.000000;2.000000
15.656374;9.910909;12.650000;0.912908;0.000000;2.000000
15.720977;9.951818;12.700000;0.885067;0.000000;2.000000
15.785580;9.992727;12.750000;0.885067;0.000000;2.000000
15.851645;10.033636;12.800000;0.858439;0.000000;2.000000
15.919218;10.079091;12.850000;0.832981;0.000000;2.000000
15.985284;10.124545;12.900000;0.858439;0.000000;2.000000
16.051350;10.165455;12.950000;0.858439;0.000000;2.000000
16.118923;10.210909;13.000000;0.832981;0.000000;2.000000
16.186496;10.256364;13.050000;0.832981;0.000000;2.000000
16.252561;10.301818;13.100000;0.858439;0.000000;2.000000
16.317164;10.342727;13.150000;0.885067;0.000000;2.000000
16.381767;10.383636;13.200000;0.885067;0.000000;2.000000
16.446370;10.424545;13.250000;0.885067;0.000000;2.000000
16.510973;10.465455;13.300000;0.885067;0.000000;2.000000
16.574162;10.506364;13.350000;0.912908;0.000000;2.000000
16.635987;10.542727;13.400000;0.942000;0.000000;2.000000
16.699175;10.579091;13.450000;0.912908;0.000000;2.000000
16.763778;10.620000;13.500000;0.885067;0.000000;2.000000
16.828381;10.660909;13.550000;0.885067;0.000000;2.000000
16.892984;10.701818;13.600000;0.885067;0.000000;2.000000
16.959050;10.742727;13.650000;0.858439;0.000000;2.000000
17.026623;10.788182;13.700000;0.832981;0.000000;2.000000
17.094196;10.833636;13.750000;0.832981;0.000000;2.000000
17.160262;10.879091;13.800000;0.858439;0.000000;2.000000
17.224865;10.920000;13.850000;0.885067;0.000000;2.000000
17.290930;10.960909;13.900000;0.858439;0.000000;2.000000
17.358503;11.006364;13.950000;0.832981;0.000000;2.000000
17.424569;11.051818;14.000000;0.858439;0.000000;2.000000
17.489172;11.092727;14.050000;0.885067;0.000000;2.000000
17.553775;11.133636;14.100000;0.885067;0.000000;2.000000
17.616963;11.174545;14.150000;0.912908;0.000000;2.000000
17.678788;11.210909;14.200000;0.942000;0.000000;2.000000
17.740613;11.247273;14.250000;0.942000;0.000000;2.000000
17.802438;11.283636;14.300000;0.942000;0.000000;2.000000
17.864263;11.320000;14.350000;0.942000;0.000000;2.000000
17.926088;11.356364;14.400000;0.942000;0.000000;2.000000
17.986604;11.392727;14.450000;0.972377;0.000000;2.000000
18.044681;11.424545;14.500000;1.037088;0.000000;2.000000
18.102758;11.451818;14.550000;1.037088;0.000000;2.000000
18.162023;11.483636;14.600000;1.004067;0.000000;2.000000
18.221289;11.515455;14.650000;1.004067;0.000000;2.000000
18.281805;11.547273;14.700000;0.972377;0.000000;2.000000
18.343630;11.583636;14.750000;0.942000;0.000000;2.000000
18.405454;11.620000;14.800000;0.942000;0.000000;2.000000
18.465970;11.656364;14.850000;0.972377;0.000000;2.000000
18.526486;11.688182;14.900000;0.972377;0.000000;2.000000
18.587003;11.724545;14.950000;0.972377;0.000000;2.000000
18.647519;11.756364;15.000000;0.972377;0.000000;2.000000
18.710707;11.792727;15.050000;0.912908;0.000000;2.000000
18.775310;11.833636;15.100000;0.885067;0.000000;2.000000
18.839913;11.874545;15.150000;0.885067;0.000000;2.000000
18.904516;11.915455;15.200000;0.885067;0.000000;2.000000
18.967704;11.956364;15.250000;0.912908;0.000000;2.000000
19.029529;11.992727;15.300000;0.942000;0.000000;2.000000
19.091354;12.029091;15.350000;0.942000;0.000000;2.000000
19.153179;12.065455;15.400000;0.942000;0.000000;2.000000
19.215004;12.101818;15.450000;0.942000;0.000000;2.000000
19.278192;12.138182;15.500000;0.912908;0.000000;2.000000
19.342795;12.179091;15.550000;0.885067;0.000000;2.000000
19.407398;12.220000;15.600000;0.885067;0.000000;2.000000
19.470587;12.260909;15.650000;0.912908;0.000000;2.000000
19.532412;12.297273;15.700000;0.942000;0.000000;2.000000
19.594236;12.333636;15.750000;0.942000;0.000000;2.000000
19.656061;12.370000;15.800000;0.942000;0.000000;2.000000
19.717886;12.406364;15.850000;0.942000;0.000000;2.000000
19.779711;12.442727;15.900000;0.942000;0.000000;2.000000
19.842899;12.479091;15.950000;0.912908;0.000000;2.000000
19.907502;12.520000;16.000000;0.885067;0.000000;2.000000
19.970691;12.560909;16.050000;0.912908;0.000000;2.000000
20.032516;12.597273;16.100000;0.942000;0.000000;2.000000
20.094341;12.633636;16.150000;0.942000;0.000000;2.000000
20.156165;12.670000;16.200000;0.942000;0.000000;2.000000
20.217990;12.706364;16.250000;0.942000;0.000000;2.000000
20.279815;12.742727;16.300000;0.942000;0.000000;2.000000
20.343003;12.779091;16.350000;0.912908;0.000000;2.000000
20.407607;12.820000;16.400000;0.885067;0.000000;2.000000
20.472210;12.860909;16.450000;0.885067;0.000000;2.000000
20.534034;12.901818;16.500000;0.942000;0.000000;2.000000
20.592111;12.933636;16.550000;1.037088;0.000000;2.000000
20.649066;12.960909;16.600000;1.071450;0.000000;2.000000
20.704967;12.988182;16.650000;1.107149;0.000000;2.000000
20.758990;13.010909;16.700000;1.182478;0.000000;2.000000
20.812193;13.029091;16.750000;1.222025;0.000000;2.000000
20.865396;13.047273;16.800000;1.222025;0.000000;2.000000
20.917866;13.065455;16.850000;1.262744;0.000000;2.000000
20.969141;13.079091;16.900000;1.347320;0.000000;2.000000
21.019961;13.088182;16.950000;1.390943;0.000000;2.000000
21.070423;13.097273;17.000000;1.435269;0.000000;2.000000
21.120886;13.101818;17.050000;1.435269;0.000000;2.000000
21.171706;13.110909;17.100000;1.390943;0.000000;2.000000
21.222526;13.120000;17.150000;1.390943;0.000000;2.000000
21.273345;13.129091;17.200000;1.390943;0.000000;2.000000
21.324620;13.138182;17.250000;1.347320;0.000000;2.000000
21.376447;13.151818;17.300000;1.304544;0.000000;2.000000
21.427722;13.165455;17.350000;1.347320;0.000000;2.000000
21.478541;13.174545;17.400000;1.390943;0.000000;2.000000
21.529361;13.183636;17.450000;1.390943;0.000000;2.000000
21.580181;13.192727;17.500000;1.390943;0.000000;2.000000
21.629242;13.201818;17.550000;1.337053;0.000000;2.000000
21.675261;13.215455;17.595455;1.217806;0.000000;2.000000
21.718978;13.233636;17.636364;1.083897;0.000000;2.000000
21.763107;13.256364;17.672727;0.968509;0.000000;2.000000
21.808219;13.283636;17.709091;0.856706;0.000000;2.000000
21.853217;13.315455;17.740909;0.785398;0.000000;2.000000
21.898329;13.347273;17.772727;0.714091;0.000000;2.000000
21.944348;13.383636;17.800000;0.574305;0.000000;2.000000
21.993146;13.424545;17.822727;0.484478;0.000000;2.000000
22.045072;13.470000;17.845455;0.404892;0.000000;2.000000
22.098275;13.520000;17.863636;0.348771;0.000000;2.000000
22.151478;13.570000;17.881818;0.348771;0.000000;2.000000
22.204681;13.620000;17.900000;0.348771;0.000000;2.000000
22.257884;13.670000;17.918182;0.348771;0.000000;2.000000
22.310354;13.720000;17.936364;0.308053;0.000000;2.000000
22.362180;13.770000;17.950000;0.266252;0.000000;2.000000
22.413000;13.820000;17.963636;0.179853;0.000000;2.000000
22.463052;13.870000;17.968182;0.045423;0.000000;2.000000
22.513103;13.920000;17.968182;-0.045423;0.000000;2.000000
22.563566;13.970000;17.963636;-0.135528;0.000000;2.000000
22.614841;14.020000;17.954545;-0.223477;0.000000;2.000000
22.668044;14.070000;17.940909;-0.348771;0.000000;2.000000
22.722967;14.120000;17.918182;-0.426627;0.000000;2.000000
22.778869;14.170000;17.895455;-0.463648;0.000000;2.000000
22.836946;14.220000;17.868182;-0.533708;0.000000;2.000000
22.896211;14.270000;17.836364;-0.566729;0.000000;2.000000
22.956727;14.320000;17.804545;-0.598419;0.000000;2.000000
23.018552;14.370000;17.768182;-0.628796;0.000000;2.000000
23.078554;14.420000;17.731818;-0.651077;0.000000;2.000000
23.136764;14.465455;17.695455;-0.674741;0.000000;2.000000
23.196421;14.510909;17.659091;-0.704494;0.000000;2.000000
23.255904;14.556364;17.618182;-0.758378;0.000000;2.000000
23.312174;14.597273;17.577273;-0.813962;0.000000;2.000000
23.367191;14.633636;17.536364;-0.902507;0.000000;2.000000
23.422675;14.665455;17.490909;-0.960070;0.000000;2.000000
23.476313;14.697273;17.445455;-0.935770;0.000000;2.000000
23.528139;14.729091;17.404545;-0.909753;0.000000;2.000000
23.578191;14.760909;17.363636;-0.881872;0.000000;2.000000
23.626510;14.792727;17.327273;-0.851966;0.000000;2.000000
23.674722;14.824545;17.290909;-0.785398;0.000000;2.000000
23.721575;14.860909;17.259091;-0.682317;0.000000;2.000000
23.767030;14.897273;17.231818;-0.643501;0.000000;2.000000
23.813049;14.933636;17.204545;-0.574305;0.000000;2.000000
23.860830;14.974545;17.181818;-0.442374;0.000000;2.000000
23.911903;15.020000;17.163636;-0.363979;0.000000;2.000000
23.964373;15.070000;17.145455;-0.308053;0.000000;2.000000
24.016843;15.120000;17.131818;-0.308053;0.000000;2.000000
24.070047;15.170000;17.113636;-0.348771;0.000000;2.000000
24.124069;15.220000;17.095455;-0.388319;0.000000;2.000000
24.178992;15.270000;17.072727;-0.426627;0.000000;2.000000
24.233915;15.320000;17.050000;-0.426627;0.000000;2.000000
24.289816;15.370000;17.027273;-0.463648;0.000000;2.000000
24.346771;15.420000;17.000000;-0.499347;0.000000;2.000000
24.403725;15.470000;16.972727;-0.499347;0.000000;2.000000
24.461802;15.520000;16.945455;-0.533708;0.000000;2.000000
24.521068;15.570000;16.913636;-0.566729;0.000000;2.000000
24.581584;15.620000;16.881818;-0.598419;0.000000;2.000000
24.642100;15.670000;16.845455;-0.598419;0.000000;2.000000
24.702616;15.720000;16.813636;-0.598419;0.000000;2.000000
24.764440;15.770000;16.777273;-0.628796;0.000000;2.000000
24.826265;15.820000;16.740909;-0.628796;0.000000;2.000000
24.888090;15.870000;16.704545;-0.628796;0.000000;2.000000
24.949915;15.920000;16.668182;-0.628796;0.000000;2.000000
25.010431;15.970000;16.631818;-0.598419;0.000000;2.000000
25.070947;16.020000;16.600000;-0.598419;0.000000;2.000000
25.132772;16.070000;16.563636;-0.628796;0.000000;2.000000
25.194597;16.120000;16.527273;-0.628796;0.000000;2.000000
25.255113;16.170000;16.490909;-0.598419;0.000000;2.000000
25.315629;16.220000;16.459091;-0.598419;0.000000;2.000000
25.377454;16.270000;16.422727;-0.628796;0.000000;2.000000
25.437970;16.320000;16.386364;-0.598419;0.000000;2.000000
25.497235;16.370000;16.354545;-0.566729;0.000000;2.000000
25.557751;16.420000;16.322727;-0.598419;0.000000;2.000000
25.619576;16.470000;16.286364;-0.628796;0.000000;2.000000
25.682765;16.520000;16.250000;-0.657889;0.000000;2.000000
25.745953;16.570000;16.209091;-0.657889;0.000000;2.000000
25.807778;16.620000;16.172727;-0.628796;0.000000;2.000000
25.868294;16.670000;16.136364;-0.598419;0.000000;2.000000
25.928810;16.720000;16.104545;-0.598419;0.000000;2.000000
25.990635;16.770000;16.068182;-0.628796;0.000000;2.000000
26.051151;16.820000;16.031818;-0.598419;0.000000;2.000000
26.111667;16.870000;16.000000;-0.598419;0.000000;2.000000
26.173492;16.920000;15.963636;-0.628796;0.000000;2.000000
26.234008;16.970000;15.927273;-0.598419;0.000000;2.000000
26.293273;17.020000;15.895455;-0.566729;0.000000;2.000000
26.352539;17.070000;15.863636;-0.566729;0.000000;2.000000
26.413055;17.120000;15.831818;-0.598419;0.000000;2.000000
26.473571;17.170000;15.795455;-0.598419;0.000000;2.000000
26.534087;17.220000;15.763636;-0.598419;0.000000;2.000000
26.595912;17.270000;15.727273;-0.628796;0.000000;2.000000
26.657736;17.320000;15.690909;-0.628796;0.000000;2.000000
26.719561;17.370000;15.654545;-0.628796;0.000000;2.000000
26.781386;17.420000;15.618182;-0.628796;0.000000;2.000000
26.841902;17.470000;15.581818;-0.598419;0.000000;2.000000
26.902418;17.520000;15.550000;-0.598419;0.000000;2.000000
26.964243;17.570000;15.513636;-0.628796;0.000000;2.000000
27.026068;17.620000;15.477273;-0.628796;0.000000;2.000000
27.086584;17.670000;15.440909;-0.598419;0.000000;2.000000
27.147100;17.720000;15.409091;-0.598419;0.000000;2.000000
27.208925;17.770000;15.372727;-0.628796;0.000000;2.000000
27.269441;17.820000;15.336364;-0.598419;0.000000;2.000000
27.328706;17.870000;15.304545;-0.566729;0.000000;2.000000
27.389222;17.920000;15.272727;-0.598419;0.000000;2.000000
27.451047;17.970000;15.236364;-0.628796;0.000000;2.000000
27.512872;18.020000;15.200000;-0.628796;0.000000;2.000000
27.574697;18.070000;15.163636;-0.628796;0.000000;2.000000
27.636522;18.120000;15.127273;-0.628796;0.000000;2.000000
27.698347;18.170000;15.090909;-0.628796;0.000000;2.000000
27.761535;18.220000;15.054545;-0.657889;0.000000;2.000000
27.824723;18.270000;15.013636;-0.657889;0.000000;2.000000
27.886548;18.320000;14.977273;-0.628796;0.000000;2.000000
27.949737;18.370000;14.940909;-0.657889;0.000000;2.000000
28.012925;18.420000;14.900000;-0.657889;0.000000;2.000000
28.074750;18.470000;14.863636;-0.628796;0.000000;2.000000
28.136575;18.520000;14.827273;-0.628796;0.000000;2.000000
28.199763;18.570000;14.790909;-0.657889;0.000000;2.000000
28.264366;18.620000;14.750000;-0.685730;0.000000;2.000000
28.327555;18.670000;14.709091;-0.657889;0.000000;2.000000
28.389379;18.720000;14.672727;-0.628796;0.000000;2.000000
28.449895;18.770000;14.636364;-0.598419;0.000000;2.000000
28.510412;18.820000;14.604545;-0.598419;0.000000;2.000000
28.572236;18.870000;14.568182;-0.628796;0.000000;2.000000
28.632752;18.920000;14.531818;-0.598419;0.000000;2.000000
28.693268;18.970000;14.500000;-0.598419;0.000000;2.000000
28.755093;19.020000;14.463636;-0.628796;0.000000;2.000000
28.816918;19.070000;14.427273;-0.628796;0.000000;2.000000
28.878743;19.120000;14.390909;-0.628796;0.000000;2.000000
28.939259;19.170000;14.354545;-0.598419;0.000000;2.000000
28.999775;19.220000;14.322727;-0.598419;0.000000;2.000000
29.061600;19.270000;14.286364;-0.628796;0.000000;2.000000
29.124788;19.320000;14.250000;-0.657889;0.000000;2.000000
29.187977;19.370000;14.209091;-0.657889;0.000000;2.000000
29.249802;19.420000;14.172727;-0.628796;0.000000;2.000000
29.312990;19.470000;14.136364;-0.657889;0.000000;2.000000
29.376178;19.520000;14.095455;-0.657889;0.000000;2.000000
29.438003;19.570000;14.059091;-0.628796;0.000000;2.000000
29.499828;19.620000;14.022727;-0.628796;0.000000;2.000000
29.559830;19.670000;13.986364;-0.651077;0.000000;2.000000
29.619486;19.715455;13.950000;-0.704494;0.000000;2.000000
29.678969;19.760909;13.909091;-0.758378;0.000000;2.000000
29.736823;19.801818;13.868182;-0.785398;0.000000;2.000000
29.793093;19.842727;13.827273;-0.813962;0.000000;2.000000
29.848110;19.879091;13.786364;-0.902507;0.000000;2.000000
29.903595;19.910909;13.740909;-0.960070;0.000000;2.000000
29.959079;19.942727;13.695455;-0.960070;0.000000;2.000000
30.014049;19.974545;13.650000;-1.051650;0.000000;2.000000
30.068071;19.997273;13.600000;-1.182478;0.000000;2.000000
30.120541;20.015455;13.550000;-1.262744;0.000000;2.000000
30.171816;20.029091;13.500000;-1.347320;0.000000;2.000000
30.222279;20.038182;13.450000;-1.435269;0.000000;2.000000
30.272485;20.042727;13.400000;-1.480136;0.000000;2.000000
30.322537;20.047273;13.350000;-1.525373;0.000000;2.000000
30.372588;20.047273;13.300000;-1.616220;0.000000;2.000000
30.422794;20.042727;13.250000;-1.661456;0.000000;2.000000
30.473257;20.038182;13.200000;-1.706324;0.000000;2.000000
30.524532;20.029091;13.150000;-1.794273;0.000000;2.000000
30.575807;20.015455;13.100000;-1.794273;0.000000;2.000000
30.626627;20.006364;13.050000;-1.750650;0.000000;2.000000
30.677902;19.997273;13.000000;-1.794273;0.000000;2.000000
30.729177;19.983636;12.950000;-1.794273;0.000000;2.000000
30.780452;19.974545;12.900000;-1.794273;0.000000;2.000000
30.832278;19.960909;12.850000;-1.837048;0.000000;2.000000
30.884748;19.947273;12.800000;-1.878849;0.000000;2.000000
30.937951;19.929091;12.750000;-1.919567;0.000000;2.000000
30.991974;19.910909;12.700000;-1.959115;0.000000;2.000000
31.046897;19.888182;12.650000;-1.997424;0.000000;2.000000
31.102798;19.865455;12.600000;-2.034444;0.000000;2.000000
31.160875;19.838182;12.550000;-2.104505;0.000000;2.000000
31.221391;19.806364;12.500000;-2.169215;0.000000;2.000000
31.281907;19.770000;12.450000;-2.169215;0.000000;2.000000
31.342423;19.738182;12.400000;-2.169215;0.000000;2.000000
31.402939;19.701818;12.350000;-2.169215;0.000000;2.000000
31.463455;19.670000;12.300000;-2.169215;0.000000;2.000000
31.523971;19.633636;12.250000;-2.169215;0.000000;2.000000
31.583237;19.601818;12.200000;-2.137526;0.000000;2.000000
31.642502;19.570000;12.150000;-2.137526;0.000000;2.000000
31.701768;19.538182;12.100000;-2.137526;0.000000;2.000000
31.761033;19.506364;12.050000;-2.137526;0.000000;2.000000
31.820299;19.474545;12.000000;-2.137526;0.000000;2.000000
31.879564;19.442727;11.950000;-2.137526;0.000000;2.000000
31.940080;19.410909;11.900000;-2.169215;0.000000;2.000000
32.000596;19.374545;11.850000;-2.169215;0.000000;2.000000
32.061112;19.342727;11.800000;-2.169215;0.000000;2.000000
32.122937;19.306364;11.750000;-2.199593;0.000000;2.000000
32.186126;19.270000;11.700000;-2.228685;0.000000;2.000000
32.249314;19.229091;11.650000;-2.228685;0.000000;2.000000
32.309830;19.192727;11.600000;-2.169215;0.000000;2.000000
32.370346;19.160909;11.550000;-2.169215;0.000000;2.000000
32.432171;19.124545;11.500000;-2.199593;0.000000;2.000000
32.493996;19.088182;11.450000;-2.199593;0.000000;2.000000
32.555821;19.051818;11.400000;-2.199593;0.000000;2.000000
32.616337;19.015455;11.350000;-2.169215;0.000000;2.000000
32.676853;18.983636;11.300000;-2.169215;0.000000;2.000000
32.738678;18.947273;11.250000;-2.199593;0.000000;2.000000
32.800502;18.910909;11.200000;-2.199593;0.000000;2.000000
32.861018;18.874545;11.150000;-2.169215;0.000000;2.000000
32.921534;18.842727;11.100000;-2.169215;0.000000;2.000000
32.984723;18.806364;11.050000;-2.228685;0.000000;2.000000
33.047911;18.765455;11.000000;-2.228685;0.000000;2.000000
33.109736;18.729091;10.950000;-2.199593;0.000000;2.000000
33.171561;18.692727;10.900000;-2.199593;0.000000;2.000000
33.232077;18.656364;10.850000;-2.169215;0.000000;2.000000
33.292593;18.624545;10.800000;-2.169215;0.000000;2.000000
33.354418;18.588182;10.750000;-2.199593;0.000000;2.000000
33.414934;18.551818;10.700000;-2.169215;0.000000;2.000000
33.474199;18.520000;10.650000;-2.137526;0.000000;2.000000
33.534715;18.488182;10.600000;-2.169215;0.000000;2.000000
33.596540;18.451818;10.550000;-2.199593;0.000000;2.000000
33.658365;18.415455;10.500000;-2.199593;0.000000;2.000000
33.721553;18.379091;10.450000;-2.228685;0.000000;2.000000
33.786156;18.338182;10.400000;-2.256526;0.000000;2.000000
33.849345;18.297273;10.350000;-2.228685;0.000000;2.000000
33.912533;18.260909;10.300000;-2.228685;0.000000;2.000000
33.977136;18.220000;10.250000;-2.256526;0.000000;2.000000
34.041739;18.179091;10.200000;-2.256526;0.000000;2.000000
34.106342;18.138182;10.150000;-2.256526;0.000000;2.000000
34.170945;18.097273;10.100000;-2.256526;0.000000;2.000000
34.235548;18.056364;10.050000;-2.256526;0.000000;2.000000
34.298737;18.015455;10.000000;-2.228685;0.000000;2.000000
34.360562;17.979091;9.950000;-2.199593;0.000000;2.000000
34.422387;17.942727;9.900000;-2.199593;0.000000;2.000000
34.484211;17.906364;9.850000;-2.199593;0.000000;2.000000
34.546036;17.870000;9.800000;-2.199593;0.000000;2.000000
34.607861;17.833636;9.750000;-2.199593;0.000000;2.000000
34.668377;17.797273;9.700000;-2.169215;0.000000;2.000000
34.727643;17.765455;9.650000;-2.137526;0.000000;2.000000
34.788159;17.733636;9.600000;-2.169215;0.000000;2.000000
34.848675;17.697273;9.550000;-2.169215;0.000000;2.000000
34.907940;17.665455;9.500000;-2.137526;0.000000;2.000000
34.968456;17.633636;9.450000;-2.169215;0.000000;2.000000
35.028972;17.597273;9.400000;-2.169215;0.000000;2.000000
35.087049;17.565455;9.350000;-2.104505;0.000000;2.000000
35.144004;17.538182;9.300000;-2.070143;0.000000;2.000000
35.202081;17.510909;9.250000;-2.104505;0.000000;2.000000
35.260158;17.479091;9.200000;-2.104505;0.000000;2.000000
35.318234;17.451818;9.150000;-2.104505;0.000000;2.000000
35.377500;17.420000;9.100000;-2.137526;0.000000;2.000000
35.435577;17.388182;9.050000;-2.104505;0.000000;2.000000
35.493654;17.360909;9.000000;-2.104505;0.000000;2.000000
35.552919;17.329091;8.950000;-2.137526;0.000000;2.000000
35.612185;17.297273;8.900000;-2.137526;0.000000;2.000000
35.671450;17.265455;8.850000;-2.137526;0.000000;2.000000
35.731966;17.233636;8.800000;-2.169215;0.000000;2.000000
35.793791;17.197273;8.750000;-2.199593;0.000000;2.000000
35.855616;17.160909;8.700000;-2.199593;0.000000;2.000000
35.918804;17.124545;8.650000;-2.228685;0.000000;2.000000
35.983407;17.083636;8.600000;-2.256526;0.000000;2.000000
36.048011;17.042727;8.550000;-2.256526;0.000000;2.000000
36.112614;17.001818;8.500000;-2.256526;0.000000;2.000000
36.177217;16.960909;8.450000;-2.256526;0.000000;2.000000
36.241820;16.920000;8.400000;-2.256526;0.000000;2.000000
36.306423;16.879091;8.350000;-2.256526;0.000000;2.000000
36.372488;16.838182;8.300000;-2.283154;0.000000;2.000000
36.438554;16.792727;8.250000;-2.283154;0.000000;2.000000
36.503157;16.751818;8.200000;-2.256526;0.000000;2.000000
36.567760;16.710909;8.150000;-2.256526;0.000000;2.000000
36.630948;16.670000;8.100000;-2.228685;0.000000;2.000000
36.691465;16.633636;8.050000;-2.169215;0.000000;2.000000
36.750730;16.601818;8.000000;-2.137526;0.000000;2.000000
36.811246;16.570000;7.950000;-2.169215;0.000000;2.000000
36.871762;16.533636;7.900000;-2.169215;0.000000;2.000000
36.931028;16.501818;7.850000;-2.137526;0.000000;2.000000
36.989104;16.470000;7.800000;-2.104505;0.000000;2.000000
37.046059;16.442727;7.750000;-2.070143;0.000000;2.000000
37.104136;16.415455;7.700000;-2.104505;0.000000;2.000000
37.163401;16.383636;7.650000;-2.137526;0.000000;2.000000
37.222667;16.351818;7.600000;-2.137526;0.000000;2.000000
37.283183;16.320000;7.550000;-2.169215;0.000000;2.000000
37.345008;16.283636;7.500000;-2.199593;0.000000;2.000000
37.406833;16.247273;7.450000;-2.199593;0.000000;2.000000
37.468657;16.210909;7.400000;-2.199593;0.000000;2.000000
37.531846;16.174545;7.350000;-2.228685;0.000000;2.000000
37.596449;16.133636;7.300000;-2.256526;0.000000;2.000000
37.662514;16.092727;7.250000;-2.283154;0.000000;2.000000
37.730088;16.047273;7.200000;-2.308611;0.000000;2.000000
37.797661;16.001818;7.150000;-2.308611;0.000000;2.000000
37.863726;15.956364;7.100000;-2.283154;0.000000;2.000000
37.926915;15.915455;7.050000;-2.228685;0.000000;2.000000
37.988739;15.879091;7.000000;-2.199593;0.000000;2.000000
38.051928;15.842727;6.950000;-2.228685;0.000000;2.000000
38.116531;15.801818;6.900000;-2.256526;0.000000;2.000000
38.179719;15.760909;6.850000;-2.228685;0.000000;2.000000
38.241544;15.724545;6.800000;-2.199593;0.000000;2.000000
38.303369;15.688182;6.750000;-2.199593;0.000000;2.000000
38.363885;15.651818;6.700000;-2.169215;0.000000;2.000000
38.423150;15.620000;6.650000;-2.137526;0.000000;2.000000
38.482416;15.588182;6.600000;-2.137526;0.000000;2.000000
38.541681;15.556364;6.550000;-2.137526;0.000000;2.000000
38.602197;15.524545;6.500000;-2.169215;0.000000;2.000000
38.664022;15.488182;6.450000;-2.199593;0.000000;2.000000
38.725847;15.451818;6.400000;-2.199593;0.000000;2.000000
38.786363;15.415455;6.350000;-2.169215;0.000000;2.000000
38.846879;15.383636;6.300000;-2.169215;0.000000;2.000000
38.908704;15.347273;6.250000;-2.199593;0.000000;2.000000
38.969220;15.310909;6.200000;-2.169215;0.000000;2.000000
39.029736;15.279091;6.150000;-2.169215;0.000000;2.000000
39.091561;15.242727;6.100000;-2.199593;0.000000;2.000000
39.152077;15.206364;6.050000;-2.169215;0.000000;2.000000
39.212593;15.174545;6.000000;-2.169215;0.000000;2.000000
39.274418;15.138182;5.950000;-2.199593;0.000000;2.000000
39.334934;15.101818;5.900000;-2.169215;0.000000;2.000000
39.394199;15.070000;5.850000;-2.137526;0.000000;2.000000
39.454715;15.038182;5.800000;-2.169215;0.000000;2.000000
39.516540;15.001818;5.750000;-2.199593;0.000000;2.000000
39.578365;14.965455;5.700000;-2.199593;0.000000;2.000000
39.640190;14.929091;5.650000;-2.199593;0.000000;2.000000
39.702015;14.892727;5.600000;-2.199593;0.000000;2.000000
39.763840;14.856364;5.550000;-2.199593;0.000000;2.000000
39.827028;14.820000;5.500000;-2.228685;0.000000;2.000000
39.891631;14.779091;5.450000;-2.256526;0.000000;2.000000
39.956234;14.738182;5.400000;-2.256526;0.000000;2.000000
40.022300;14.697273;5.350000;-2.283154;0.000000;2.000000
40.088366;14.651818;5.300000;-2.283154;0.000000;2.000000
40.152969;14.610909;5.250000;-2.256526;0.000000;2.000000
40.217572;14.570000;5.200000;-2.256526;0.000000;2.000000
40.282175;14.529091;5.150000;-2.256526;0.000000;2.000000
40.346778;14.488182;5.100000;-2.256526;0.000000;2.000000
40.411381;14.447273;5.050000;-2.256526;0.000000;2.000000
40.475984;14.406364;5.000000;-2.256526;0.000000;2.000000
40.539172;14.365455;4.950000;-2.228685;0.000000;2.000000
40.600997;14.329091;4.900000;-2.199593;0.000000;2.000000
40.660999;14.292727;4.850000;-2.221873;0.000000;2.000000
40.719209;14.256364;4.804545;-2.245537;0.000000;2.000000
40.777419;14.220000;4.759091;-2.245537;0.000000;2.000000
40.835629;14.183636;4.713636;-2.245537;0.000000;2.000000
40.893840;14.147273;4.668182;-2.245537;0.000000;2.000000
40.952050;14.110909;4.622727;-2.245537;0.000000;2.000000
41.011706;14.074545;4.577273;-2.275290;0.000000;2.000000
41.072859;14.033636;4.531818;-2.303611;0.000000;2.000000
41.134012;13.992727;4.486364;-2.303611;0.000000;2.000000
41.195165;13.951818;4.440909;-2.303611;0.000000;2.000000
41.256318;13.910909;4.395455;-2.303611;0.000000;2.000000
41.319178;13.870000;4.350000;-2.279423;0.000000;2.000000
41.382366;13.829091;4.300000;-2.228685;0.000000;2.000000
41.445555;13.792727;4.250000;-2.228685;0.000000;2.000000
41.510158;13.751818;4.200000;-2.256526;0.000000;2.000000
41.573346;13.710909;4.150000;-2.228685;0.000000;2.000000
41.635171;13.674545;4.100000;-2.199593;0.000000;2.000000
41.696996;13.638182;4.050000;-2.199593;0.000000;2.000000
41.758821;13.601818;4.000000;-2.199593;0.000000;2.000000
41.820646;13.565455;3.950000;-2.199593;0.000000;2.000000
41.882471;13.529091;3.900000;-2.199593;0.000000;2.000000
41.944295;13.492727;3.850000;-2.199593;0.000000;2.000000
42.006120;13.456364;3.800000;-2.199593;0.000000;2.000000
42.069309;13.420000;3.750000;-2.228685;0.000000;2.000000
42.133912;13.379091;3.700000;-2.256526;0.000000;2.000000
42.197100;13.338182;3.650000;-2.228685;0.000000;2.000000
42.260288;13.301818;3.600000;-2.228685;0.000000;2.000000
42.323477;13.260909;3.550000;-2.228685;0.000000;2.000000
42.385302;13.224545;3.500000;-2.199593;0.000000;2.000000
42.447127;13.188182;3.450000;-2.199593;0.000000;2.000000
42.508951;13.151818;3.400000;-2.199593;0.000000;2.000000
42.572140;13.115455;3.350000;-2.228685;0.000000;2.000000
42.635328;13.074545;3.300000;-2.228685;0.000000;2.000000
42.697153;13.038182;3.250000;-2.199593;0.000000;2.000000
42.758978;13.001818;3.200000;-2.199593;0.000000;2.000000
42.820803;12.965455;3.150000;-2.199593;0.000000;2.000000
42.883991;12.929091;3.100000;-2.228685;0.000000;2.000000
42.948594;12.888182;3.050000;-2.256526;0.000000;2.000000
43.013197;12.847273;3.000000;-2.256526;0.000000;2.000000
43.076386;12.806364;2.950000;-2.228685;0.000000;2.000000
43.138210;12.770000;2.900000;-2.199593;0.000000;2.000000
43.198726;12.733636;2.850000;-2.169215;0.000000;2.000000
43.257992;12.701818;2.800000;-2.137526;0.000000;2.000000
43.318508;12.670000;2.750000;-2.169215;0.000000;2.000000
43.380333;12.633636;2.700000;-2.199593;0.000000;2.000000
43.440849;12.597273;2.650000;-2.169215;0.000000;2.000000
43.500114;12.565455;2.600000;-2.137526;0.000000;2.000000
43.559380;12.533636;2.550000;-2.137526;0.000000;2.000000
43.618645;12.501818;2.500000;-2.137526;0.000000;2.000000
43.679161;12.470000;2.450000;-2.169215;0.000000;2.000000
43.742350;12.433636;2.400000;-2.228685;0.000000;2.000000
43.806953;12.392727;2.350000;-2.256526;0.000000;2.000000
43.871556;12.351818;2.300000;-2.256526;0.000000;2.000000
43.936159;12.310909;2.250000;-2.256526;0.000000;2.000000
44.000762;12.270000;2.200000;-2.256526;0.000000;2.000000
44.065365;12.229091;2.150000;-2.256526;0.000000;2.000000
44.131431;12.188182;2.100000;-2.283154;0.000000;2.000000
44.199004;12.142727;2.050000;-2.308611;0.000000;2.000000
44.265069;12.097273;2.000000;-2.283154;0.000000;2.000000
44.329672;12.056364;1.950000;-2.256526;0.000000;2.000000
44.394275;12.015455;1.900000;-2.256526;0.000000;2.000000
44.458878;11.974545;1.850000;-2.256526;0.000000;2.000000
44.523481;11.933636;1.800000;-2.256526;0.000000;2.000000
44.588084;11.892727;1.750000;-2.256526;0.000000;2.000000
44.652687;11.851818;1.700000;-2.256526;0.000000;2.000000
44.715876;11.810909;1.650000;-2.228685;0.000000;2.000000
44.777701;11.774545;1.600000;-2.199593;0.000000;2.000000
44.839526;11.738182;1.550000;-2.199593;0.000000;2.000000
44.901350;11.701818;1.500000;-2.199593;0.000000;2.000000
44.964539;11.665455;1.450000;-2.228685;0.000000;2.000000
45.029142;11.624545;1.400000;-2.256526;0.000000;2.000000
45.092330;11.583636;1.350000;-2.228685;0.000000;2.000000
45.154155;11.547273;1.300000;-2.199593;0.000000;2.000000
45.215980;11.510909;1.250000;-2.199593;0.000000;2.000000
45.279168;11.474545;1.200000;-2.228685;0.000000;2.000000
45.343771;11.433636;1.150000;-2.256526;0.000000;2.000000
45.408374;11.392727;1.100000;-2.256526;0.000000;2.000000
45.472977;11.351818;1.050000;-2.256526;0.000000;2.000000
45.537580;11.310909;1.000000;-2.256526;0.000000;2.000000
45.602184;11.270000;0.950000;-2.256526;0.000000;2.000000
45.665372;11.229091;0.900000;-2.228685;0.000000;2.000000
45.727197;11.192727;0.850000;-2.199593;0.000000;2.000000
45.790385;11.156364;0.800000;-2.228685;0.000000;2.000000
45.853573;11.115455;0.750000;-2.228685;0.000000;2.000000
45.915398;11.079091;0.700000;-2.199593;0.000000;2.000000
45.977223;11.042727;0.650000;-2.199593;0.000000;2.000000
46.039048;11.006364;0.600000;-2.199593;0.000000;2.000000
46.102236;10.970000;0.550000;-2.228685;0.000000;2.000000
46.165425;10.929091;0.500000;-2.228685;0.000000;2.000000
46.227250;10.892727;0.450000;-2.199593;0.000000;2.000000
46.289075;10.856364;0.400000;-2.199593;0.000000;2.000000
46.352263;10.820000;0.350000;-2.228685;0.000000;2.000000
46.415451;10.779091;0.300000;-2.228685;0.000000;2.000000
46.477276;10.742727;0.250000;-2.199593;0.000000;2.000000
46.540464;10.706364;0.200000;-2.228685;0.000000;2.000000
46.603653;10.665455;0.150000;-2.228685;0.000000;2.000000
46.665478;10.629091;0.100000;-2.199593;0.000000;2.000000
46.727303;10.592727;0.050000;-2.199593;0.000000;2.000000
46.789127;10.556364;-0.000000;-2.199593;0.000000;2.000000
46.852316;10.520000;-0.050000;-2.228685;0.000000;2.000000
46.916919;10.479091;-0.100000;-2.256526;0.000000;2.000000
46.981522;10.438182;-0.150000;-2.256526;0.000000;2.000000
47.046125;10.397273;-0.200000;-2.256526;0.000000;2.000000
47.110728;10.356364;-0.250000;-2.256526;0.000000;2.000000
47.173916;10.315455;-0.300000;-2.228685;0.000000;2.000000
47.235741;10.279091;-0.350000;-2.199593;0.000000;2.000000
47.298930;10.242727;-0.400000;-2.228685;0.000000;2.000000
47.363533;10.201818;-0.450000;-2.256526;0.000000;2.000000
47.428136;10.160909;-0.500000;-2.256526;0.000000;2.000000
47.492739;10.120000;-0.550000;-2.256526;0.000000;2.000000
47.555927;10.079091;-0.600000;-2.228685;0.000000;2.000000
47.617752;10.042727;-0.650000;-2.199593;0.000000;2.000000
47.679577;10.006364;-0.700000;-2.199593;0.000000;2.000000
47.741402;9.970000;-0.750000;-2.199593;0.000000;2.000000
47.804590;9.933636;-0.800000;-2.228685;0.000000;2.000000
47.869193;9.892727;-0.850000;-2.256526;0.000000;2.000000
47.933796;9.851818;-0.900000;-2.256526;0.000000;2.000000
47.998399;9.810909;-0.950000;-2.256526;0.000000;2.000000
48.063002;9.770000;-1.000000;-2.256526;0.000000;2.000000
48.127605;9.729091;-1.050000;-2.256526;0.000000;2.000000
48.190794;9.688182;-1.100000;-2.228685;0.000000;2.000000
48.253982;9.651818;-1.150000;-2.228685;0.000000;2.000000
48.318585;9.610909;-1.200000;-2.256526;0.000000;2.000000
48.383188;9.570000;-1.250000;-2.256526;0.000000;2.000000
48.446376;9.529091;-1.300000;-2.228685;0.000000;2.000000
48.508201;9.492727;-1.350000;-2.199593;0.000000;2.000000
48.571390;9.456364;-1.400000;-2.228685;0.000000;2.000000
48.635993;9.415455;-1.450000;-2.256526;0.000000;2.000000
48.700596;9.374545;-1.500000;-2.256526;0.000000;2.000000
48.765199;9.333636;-1.550000;-2.256526;0.000000;2.000000
48.829802;9.292727;-1.600000;-2.256526;0.000000;2.000000
48.894405;9.251818;-1.650000;-2.256526;0.000000;2.000000
48.959008;9.210909;-1.700000;-2.256526;0.000000;2.000000
49.023611;9.170000;-1.750000;-2.256526;0.000000;2.000000
49.086799;9.129091;-1.800000;-2.228685;0.000000;2.000000
49.149988;9.092727;-1.850000;-2.228685;0.000000;2.000000
49.214591;9.051818;-1.900000;-2.256526;0.000000;2.000000
49.279194;9.010909;-1.950000;-2.256526;0.000000;2.000000
49.343797;8.970000;-2.000000;-2.256526;0.000000;2.000000
49.406985;8.929091;-2.050000;-2.228685;0.000000;2.000000
49.468810;8.892727;-2.100000;-2.199593;0.000000;2.000000
49.530635;8.856364;-2.150000;-2.199593;0.000000;2.000000
49.593823;8.820000;-2.200000;-2.228685;0.000000;2.000000
49.658426;8.779091;-2.250000;-2.256526;0.000000;2.000000
49.721615;8.738182;-2.300000;-2.228685;0.000000;2.000000
49.784803;8.701818;-2.350000;-2.228685;0.000000;2.000000
49.849406;8.660909;-2.400000;-2.256526;0.000000;2.000000
49.914009;8.620000;-2.450000;-2.256526;0.000000;2.000000
49.977197;8.579091;-2.500000;-2.228685;0.000000;2.000000
50.039022;8.542727;-2.550000;-2.199593;0.000000;2.000000
50.102211;8.506364;-2.600000;-2.228685;0.000000;2.000000
50.166814;8.465455;-2.650000;-2.256526;0.000000;2.000000
50.231417;8.424545;-2.700000;-2.256526;0.000000;2.000000
50.294605;8.383636;-2.750000;-2.228685;0.000000;2.000000
50.356430;8.347273;-2.800000;-2.199593;0.000000;2.000000
50.419618;8.310909;-2.850000;-2.228685;0.000000;2.000000
50.484221;8.270000;-2.900000;-2.256526;0.000000;2.000000
50.547082;8.229091;-2.950000;-2.279423;0.000000;2.000000
50.608235;8.188182;-2.995455;-2.303611;0.000000;2.000000
50.669388;8.147273;-3.040909;-2.303611;0.000000;2.000000
50.730540;8.106364;-3.086364;-2.303611;0.000000;2.000000
50.791693;8.065455;-3.131818;-2.303611;0.000000;2.000000
50.852846;8.024545;-3.177273;-2.303611;0.000000;2.000000
50.912503;7.983636;-3.222727;-2.275290;0.000000;2.000000
50.972159;7.947273;-3.268182;-2.275290;0.000000;2.000000
51.033312;7.906364;-3.313636;-2.303611;0.000000;2.000000
51.094465;7.865455;-3.359091;-2.303611;0.000000;2.000000
51.155617;7.824545;-3.404545;-2.303611;0.000000;2.000000
51.218478;7.783636;-3.450000;-2.279423;0.000000;2.000000
51.281666;7.742727;-3.500000;-2.228685;0.000000;2.000000
51.344855;7.706364;-3.550000;-2.228685;0.000000;2.000000
51.409458;7.665455;-3.600000;-2.256526;0.000000;2.000000
51.474061;7.624545;-3.650000;-2.256526;0.000000;2.000000
51.538664;7.583636;-3.700000;-2.256526;0.000000;2.000000
51.603267;7.542727;-3.750000;-2.256526;0.000000;2.000000
51.667870;7.501818;-3.800000;-2.256526;0.000000;2.000000
51.731058;7.460909;-3.850000;-2.228685;0.000000;2.000000
51.791574;7.424545;-3.900000;-2.169215;0.000000;2.000000
51.850840;7.392727;-3.950000;-2.137526;0.000000;2.000000
51.910105;7.360909;-4.000000;-2.137526;0.000000;2.000000
51.970621;7.329091;-4.050000;-2.169215;0.000000;2.000000
52.032446;7.292727;-4.100000;-2.199593;0.000000;2.000000
52.094271;7.256364;-4.150000;-2.199593;0.000000;2.000000
52.154273;7.220000;-4.200000;-2.221873;0.000000;2.000000
52.210726;7.183636;-4.245455;-2.270689;0.000000;2.000000
52.265366;7.147273;-4.286364;-2.356194;0.000000;2.000000
52.317192;7.106364;-4.322727;-2.480549;0.000000;2.000000
52.367089;7.065455;-4.350000;-2.616797;0.000000;2.000000
52.419015;7.020000;-4.372727;-2.736701;0.000000;2.000000
52.470841;6.970000;-4.390909;-2.875341;0.000000;2.000000
52.521304;6.920000;-4.400000;-3.006065;0.000000;2.000000
52.571355;6.870000;-4.404545;-3.096169;0.000000;2.000000
52.621407;6.820000;-4.404545;3.096169;0.000000;2.000000
52.672227;6.770000;-4.400000;2.961739;0.000000;2.000000
52.724053;6.720000;-4.386364;2.875341;0.000000;2.000000
52.775879;6.670000;-4.372727;2.875341;0.000000;2.000000
52.828349;6.620000;-4.359091;2.833540;0.000000;2.000000
52.880819;6.570000;-4.340909;2.833540;0.000000;2.000000
52.932645;6.520000;-4.327273;2.875341;0.000000;2.000000
52.984471;6.470000;-4.313636;2.875341;0.000000;2.000000
53.036297;6.420000;-4.300000;2.875341;0.000000;2.000000
53.088123;6.370000;-4.286364;2.875341;0.000000;2.000000
53.140593;6.320000;-4.272727;2.833540;0.000000;2.000000
53.194616;6.270000;-4.254545;2.753274;0.000000;2.000000
53.249538;6.220000;-4.231818;2.714965;0.000000;2.000000
53.305440;6.170000;-4.209091;2.677945;0.000000;2.000000
53.362395;6.120000;-4.181818;2.642246;0.000000;2.000000
53.419349;6.070000;-4.154545;2.642246;0.000000;2.000000
53.477426;6.020000;-4.127273;2.607884;0.000000;2.000000
53.537942;5.970000;-4.095455;2.543174;0.000000;2.000000
53.599767;5.920000;-4.059091;2.512796;0.000000;2.000000
53.661592;5.870000;-4.022727;2.512796;0.000000;2.000000
53.724780;5.820000;-3.986364;2.483704;0.000000;2.000000
53.789383;5.770000;-3.945455;2.455863;0.000000;2.000000
53.853986;5.720000;-3.904545;2.455863;0.000000;2.000000
53.918589;5.670000;-3.863636;2.455863;0.000000;2.000000
53.981777;5.620000;-3.822727;2.483704;0.000000;2.000000
54.044966;5.570000;-3.786364;2.483704;0.000000;2.000000
54.109569;5.520000;-3.745455;2.455863;0.000000;2.000000
54.174172;5.470000;-3.704545;2.455863;0.000000;2.000000
54.238775;5.420000;-3.663636;2.455863;0.000000;2.000000
54.303378;5.370000;-3.622727;2.455863;0.000000;2.000000
54.367981;5.320000;-3.581818;2.455863;0.000000;2.000000
54.432584;5.270000;-3.540909;2.455863;0.000000;2.000000
54.497187;5.220000;-3.500000;2.455863;0.000000;2.000000
54.561790;5.170000;-3.459091;2.455863;0.000000;2.000000
54.624979;5.120000;-3.418182;2.483704;0.000000;2.000000
54.688167;5.070000;-3.381818;2.483704;0.000000;2.000000
54.752770;5.020000;-3.340909;2.455863;0.000000;2.000000
54.817373;4.970000;-3.300000;2.455863;0.000000;2.000000
54.881976;4.920000;-3.259091;2.455863;0.000000;2.000000
54.946579;4.870000;-3.218182;2.455863;0.000000;2.000000
55.011182;4.820000;-3.177273;2.455863;0.000000;2.000000
55.075785;4.770000;-3.136364;2.455863;0.000000;2.000000
55.140388;4.720000;-3.095455;2.455863;0.000000;2.000000
55.204991;4.670000;-3.054545;2.455863;0.000000;2.000000
55.269594;4.620000;-3.013636;2.455863;0.000000;2.000000
55.335660;4.570000;-2.972727;2.429235;0.000000;2.000000
55.401726;4.520000;-2.927273;2.429235;0.000000;2.000000
55.466329;4.470000;-2.886364;2.455863;0.000000;2.000000
55.530932;4.420000;-2.845455;2.455863;0.000000;2.000000
55.595535;4.370000;-2.804545;2.455863;0.000000;2.000000
55.658395;4.320000;-2.763636;2.432966;0.000000;2.000000
55.721091;4.274545;-2.722727;2.381830;0.000000;2.000000
55.785374;4.229091;-2.677273;2.356194;0.000000;2.000000
55.849656;4.183636;-2.631818;2.356194;0.000000;2.000000
55.912352;4.138182;-2.586364;2.381830;0.000000;2.000000
55.972009;4.092727;-2.545455;2.437099;0.000000;2.000000
56.030219;4.047273;-2.509091;2.466852;0.000000;2.000000
56.089875;4.001818;-2.472727;2.437099;0.000000;2.000000
56.151028;3.956364;-2.431818;2.408778;0.000000;2.000000
56.212181;3.910909;-2.390909;2.408778;0.000000;2.000000
56.273334;3.865455;-2.350000;2.408778;0.000000;2.000000
56.336194;3.820000;-2.309091;2.432966;0.000000;2.000000
56.399383;3.770000;-2.268182;2.483704;0.000000;2.000000
56.461207;3.720000;-2.231818;2.512796;0.000000;2.000000
56.523032;3.670000;-2.195455;2.512796;0.000000;2.000000
56.586221;3.620000;-2.159091;2.483704;0.000000;2.000000
56.652286;3.570000;-2.118182;2.429235;0.000000;2.000000
56.719859;3.520000;-2.072727;2.403778;0.000000;2.000000
56.787432;3.470000;-2.027273;2.403778;0.000000;2.000000
56.853498;3.420000;-1.981818;2.429235;0.000000;2.000000
56.918101;3.370000;-1.940909;2.455863;0.000000;2.000000
56.982704;3.320000;-1.900000;2.455863;0.000000;2.000000
57.047307;3.270000;-1.859091;2.455863;0.000000;2.000000
57.113373;3.220000;-1.818182;2.429235;0.000000;2.000000
57.180946;3.170000;-1.772727;2.403778;0.000000;2.000000
57.248519;3.120000;-1.727273;2.403778;0.000000;2.000000
57.316092;3.070000;-1.681818;2.403778;0.000000;2.000000
57.382158;3.020000;-1.636364;2.429235;0.000000;2.000000
57.446761;2.970000;-1.595455;2.455863;0.000000;2.000000
57.511364;2.920000;-1.554545;2.455863;0.000000;2.000000
57.577429;2.870000;-1.513636;2.429235;0.000000;2.000000
57.645002;2.820000;-1.468182;2.403778;0.000000;2.000000
57.712575;2.770000;-1.422727;2.403778;0.000000;2.000000
57.780148;2.720000;-1.377273;2.403778;0.000000;2.000000
57.846214;2.670000;-1.331818;2.429235;0.000000;2.000000
57.910817;2.620000;-1.290909;2.455863;0.000000;2.000000
57.974005;2.570000;-1.250000;2.483704;0.000000;2.000000
58.034521;2.520000;-1.213636;2.543174;0.000000;2.000000
58.095038;2.470000;-1.181818;2.543174;0.000000;2.000000
58.155554;2.420000;-1.145455;2.543174;0.000000;2.000000
58.214819;2.370000;-1.113636;2.574863;0.000000;2.000000
58.272896;2.320000;-1.081818;2.607884;0.000000;2.000000
58.328798;2.270000;-1.054545;2.677945;0.000000;2.000000
58.383721;2.220000;-1.031818;2.714965;0.000000;2.000000
58.437743;2.170000;-1.009091;2.753274;0.000000;2.000000
58.491765;2.120000;-0.990909;2.753274;0.000000;2.000000
58.546688;2.070000;-0.968182;2.714965;0.000000;2.000000
58.600566;2.020000;-0.945455;2.659079;0.000000;2.000000
58.654779;1.974545;-0.918182;2.565217;0.000000;2.000000
58.708418;1.929091;-0.886364;2.506566;0.000000;2.000000
58.759944;1.888182;-0.854545;2.418613;0.000000;2.000000
58.811370;1.851818;-0.818182;2.356194;0.000000;2.000000
58.864427;1.815455;-0.781818;2.325901;0.000000;2.000000
58.920881;1.779091;-0.740909;2.270689;0.000000;2.000000
58.977334;1.742727;-0.695455;2.270689;0.000000;2.000000
59.033787;1.706364;-0.654545;2.270689;0.000000;2.000000
59.091998;1.670000;-0.609091;2.245537;0.000000;2.000000
59.150208;1.633636;-0.563636;2.245537;0.000000;2.000000
59.209864;1.597273;-0.518182;2.275290;0.000000;2.000000
59.271017;1.556364;-0.472727;2.303611;0.000000;2.000000
59.332085;1.515455;-0.427273;2.356194;0.000000;2.000000
59.394946;1.470000;-0.386364;2.432966;0.000000;2.000000
59.459549;1.420000;-0.345455;2.455863;0.000000;2.000000
59.522737;1.370000;-0.304545;2.483704;0.000000;2.000000
59.584562;1.320000;-0.268182;2.512796;0.000000;2.000000
59.646387;1.270000;-0.231818;2.512796;0.000000;2.000000
59.708212;1.220000;-0.195455;2.512796;0.000000;2.000000
59.768214;1.170000;-0.159091;2.490516;0.000000;2.000000
59.824667;1.124545;-0.122727;2.441700;0.000000;2.000000
59.877724;1.083636;-0.086364;2.386488;0.000000;2.000000
59.929150;1.047273;-0.050000;2.356194;0.000000;2.000000
59.980676;1.010909;-0.013636;2.293776;0.000000;2.000000
60.032503;0.979091;0.027273;2.231839;0.000000;2.000000
60.103845;0.947273;0.068182;2.783568;0.000000;2.000000
60.203804;0.845455;0.077273;3.050521;0.000000;2.000000
60.299049;0.748182;0.086364;3.069945;0.000000;2.000000
60.389617;0.655455;0.090909;3.091384;0.000000;2.000000
60.475556;0.567273;0.095455;3.115144;0.000000;2.000000
60.559193;0.483636;0.095455;3.141593;0.000000;2.000000
